employee_id,full_name,preferred_name,date_of_birth,gender,nationality,hire_date,contract_start_date,employment_type,employment_status,designation,grade,probation_end_date,notice_period_days,department,business_unit,cost_center,work_location,manager_employee_id,work_email
NS-0001,Avni Nair,Avni,1980-06-22,female,Indian,2017-02-08,2017-02-08,full_time,active,Software Engineer,G4,2017-08-07,30,Engineering,Technology,CC-101,Bengaluru,,avni.nair.ns0001@naivesolutions.example
NS-0002,Nila Joshi,Nila,1980-12-12,male,Indian,2017-03-17,2017-03-17,part_time,on_leave,Senior Analyst,G5,2017-09-13,60,Sales,Commercial,CC-102,Chennai,,nila.joshi.ns0002@naivesolutions.example
NS-0003,Saanvi Krishnan,Saanvi,1981-06-03,non_binary,Indian,2017-04-23,2017-04-23,contractor,notice_period,HR Specialist,G6,2017-10-20,90,Finance,Corporate Services,CC-103,Hyderabad,,saanvi.krishnan.ns0003@naivesolutions.example
NS-0004,Yash Subramanian,Yash,1981-11-23,undisclosed,Indian,2017-05-30,2017-05-30,intern,active,Account Executive,G7,2017-11-26,30,People Operations,People,CC-104,Pune,,yash.subramanian.ns0004@naivesolutions.example
NS-0005,Kiran Iyer,Kiran,1982-05-15,female,Indian,2017-07-06,2017-07-06,temporary,on_leave,Finance Analyst,G4,2018-01-02,60,Engineering,Technology,CC-105,Bengaluru,NS-0001,kiran.iyer.ns0005@naivesolutions.example
NS-0006,Aditi Shah,Aditi,1982-11-04,male,Indian,2017-08-12,2017-08-12,full_time,notice_period,Product Analyst,G5,2018-02-08,90,Sales,Commercial,CC-106,Chennai,NS-0001,aditi.shah.ns0006@naivesolutions.example
NS-0007,Harini Chandra,Harini,1983-04-26,non_binary,Indian,2017-09-18,2017-09-18,part_time,active,Software Engineer,G6,2018-03-17,30,Finance,Corporate Services,CC-107,Hyderabad,NS-0001,harini.chandra.ns0007@naivesolutions.example
NS-0008,Pooja Rao,Pooja,1983-10-16,undisclosed,Indian,2017-10-25,2017-10-25,contractor,on_leave,Senior Analyst,G7,2018-04-23,60,People Operations,People,CC-108,Pune,NS-0001,pooja.rao.ns0008@naivesolutions.example
NS-0009,Shreya Pillai,Shreya,1984-04-06,female,Indian,2017-12-01,2017-12-01,intern,notice_period,HR Specialist,G4,2018-05-30,90,Engineering,Technology,CC-109,Bengaluru,NS-0001,shreya.pillai.ns0009@naivesolutions.example
NS-0010,Anika Menon,Anika,1984-09-26,male,Indian,2018-01-07,2018-01-07,temporary,active,Account Executive,G5,2018-07-06,30,Sales,Commercial,CC-110,Chennai,NS-0001,anika.menon.ns0010@naivesolutions.example
NS-0011,Madhav Varma,Madhav,1985-03-18,non_binary,Indian,2018-02-13,2018-02-13,full_time,on_leave,Finance Analyst,G6,2018-08-12,60,Finance,Corporate Services,CC-111,Hyderabad,NS-0001,madhav.varma.ns0011@naivesolutions.example
NS-0012,Akash Kapoor,Akash,1985-09-07,undisclosed,Indian,2018-03-22,2018-03-22,part_time,notice_period,Product Analyst,G7,2018-09-18,90,People Operations,People,CC-100,Pune,NS-0011,akash.kapoor.ns0012@naivesolutions.example
NS-0013,Karthik Singh,Karthik,1986-02-27,female,Indian,2018-04-28,2018-04-28,contractor,active,Software Engineer,G4,2018-10-25,30,Engineering,Technology,CC-101,Bengaluru,NS-0011,karthik.singh.ns0013@naivesolutions.example
NS-0014,Rahul Gupta,Rahul,1986-08-19,male,Indian,2018-06-04,2018-06-04,intern,on_leave,Senior Analyst,G5,2018-12-01,60,Sales,Commercial,CC-102,Chennai,NS-0011,rahul.gupta.ns0014@naivesolutions.example
NS-0015,Varun Sen,Varun,1987-02-08,non_binary,Indian,2018-07-11,2018-07-11,temporary,notice_period,HR Specialist,G6,2019-01-07,90,Finance,Corporate Services,CC-103,Hyderabad,NS-0011,varun.sen.ns0015@naivesolutions.example
NS-0016,Gauri Bansal,Gauri,1987-07-31,undisclosed,Indian,2018-08-17,2018-08-17,full_time,active,Account Executive,G7,2019-02-13,30,People Operations,People,CC-104,Pune,NS-0011,gauri.bansal.ns0016@naivesolutions.example
NS-0017,Neha Patel,Neha,1988-01-20,female,Indian,2018-09-23,2018-09-23,part_time,on_leave,Finance Analyst,G4,2019-03-22,60,Engineering,Technology,CC-105,Bengaluru,NS-0011,neha.patel.ns0017@naivesolutions.example
NS-0018,Arjun Kulkarni,Arjun,1988-07-11,male,Indian,2018-10-30,2018-10-30,contractor,notice_period,Product Analyst,G5,2019-04-28,90,Sales,Commercial,CC-106,Chennai,NS-0011,arjun.kulkarni.ns0018@naivesolutions.example
NS-0019,Meera Mehta,Meera,1988-12-31,non_binary,Indian,2018-12-06,2018-12-06,intern,active,Software Engineer,G6,2019-06-04,30,Finance,Corporate Services,CC-107,Hyderabad,NS-0011,meera.mehta.ns0019@naivesolutions.example
NS-0020,Rohan Verma,Rohan,1989-06-22,undisclosed,Indian,2019-01-12,2019-01-12,temporary,on_leave,Senior Analyst,G7,2019-07-11,60,People Operations,People,CC-108,Pune,NS-0011,rohan.verma.ns0020@naivesolutions.example
NS-0021,Vishal Jain,Vishal,1989-12-12,female,Indian,2019-02-18,2019-02-18,full_time,notice_period,HR Specialist,G4,2019-08-17,90,Engineering,Technology,CC-109,Bengaluru,NS-0011,vishal.jain.ns0021@naivesolutions.example
NS-0022,Janani Sharma,Janani,1990-06-03,male,Indian,2019-03-27,2019-03-27,part_time,active,Account Executive,G5,2019-09-23,30,Sales,Commercial,CC-110,Chennai,NS-0021,janani.sharma.ns0022@naivesolutions.example
NS-0023,Aarav Desai,Aarav,1990-11-23,non_binary,Indian,2019-05-03,2019-05-03,contractor,on_leave,Finance Analyst,G6,2019-10-30,60,Finance,Corporate Services,CC-111,Hyderabad,NS-0021,aarav.desai.ns0023@naivesolutions.example
NS-0024,Diya Reddy,Diya,1991-05-15,undisclosed,Indian,2019-06-09,2019-06-09,intern,notice_period,Product Analyst,G7,2019-12-06,90,People Operations,People,CC-100,Pune,NS-0021,diya.reddy.ns0024@naivesolutions.example
NS-0025,Nikhil Agarwal,Nikhil,1991-11-04,female,Indian,2019-07-16,2019-07-16,temporary,active,Software Engineer,G4,2020-01-12,30,Engineering,Technology,CC-101,Bengaluru,NS-0021,nikhil.agarwal.ns0025@naivesolutions.example
NS-0026,Sanjay Nair,Sanjay,1992-04-25,male,Indian,2019-08-22,2019-08-22,full_time,on_leave,Senior Analyst,G5,2020-02-18,60,Sales,Commercial,CC-102,Chennai,NS-0021,sanjay.nair.ns0026@naivesolutions.example
NS-0027,Zoya Joshi,Zoya,1992-10-15,non_binary,Indian,2019-09-28,2019-09-28,part_time,notice_period,HR Specialist,G6,2020-03-26,90,Finance,Corporate Services,CC-103,Hyderabad,NS-0021,zoya.joshi.ns0027@naivesolutions.example
NS-0028,Lakshmi Krishnan,Lakshmi,1993-04-06,undisclosed,Indian,2019-11-04,2019-11-04,contractor,active,Account Executive,G7,2020-05-02,30,People Operations,People,CC-104,Pune,NS-0021,lakshmi.krishnan.ns0028@naivesolutions.example
NS-0029,Aditya Subramanian,Aditya,1993-09-26,female,Indian,2019-12-11,2019-12-11,intern,on_leave,Finance Analyst,G4,2020-06-08,60,Engineering,Technology,CC-105,Bengaluru,NS-0021,aditya.subramanian.ns0029@naivesolutions.example
NS-0030,Ishaan Iyer,Ishaan,1994-03-18,male,Indian,2020-01-17,2020-01-17,temporary,notice_period,Product Analyst,G5,2020-07-15,90,Sales,Commercial,CC-106,Chennai,NS-0021,ishaan.iyer.ns0030@naivesolutions.example
NS-0031,Pranav Shah,Pranav,1994-09-07,non_binary,Indian,2020-02-23,2020-02-23,full_time,active,Software Engineer,G6,2020-08-21,30,Finance,Corporate Services,CC-107,Hyderabad,NS-0021,pranav.shah.ns0031@naivesolutions.example
NS-0032,Tara Chandra,Tara,1995-02-27,undisclosed,Indian,2020-03-31,2020-03-31,part_time,on_leave,Senior Analyst,G7,2020-09-27,60,People Operations,People,CC-108,Pune,NS-0031,tara.chandra.ns0032@naivesolutions.example
NS-0033,Dev Rao,Dev,1995-08-19,female,Indian,2020-05-07,2020-05-07,contractor,notice_period,HR Specialist,G4,2020-11-03,90,Engineering,Technology,CC-109,Bengaluru,NS-0031,dev.rao.ns0033@naivesolutions.example
NS-0034,Naveen Pillai,Naveen,1996-02-08,male,Indian,2020-06-13,2020-06-13,intern,active,Account Executive,G5,2020-12-10,30,Sales,Commercial,CC-110,Chennai,NS-0031,naveen.pillai.ns0034@naivesolutions.example
NS-0035,Ananya Menon,Ananya,1996-07-30,non_binary,Indian,2020-07-20,2020-07-20,temporary,on_leave,Finance Analyst,G6,2021-01-16,60,Finance,Corporate Services,CC-111,Hyderabad,NS-0031,ananya.menon.ns0035@naivesolutions.example
NS-0036,Kavya Varma,Kavya,1997-01-19,undisclosed,Indian,2020-08-26,2020-08-26,full_time,notice_period,Product Analyst,G7,2021-02-22,90,People Operations,People,CC-100,Pune,NS-0031,kavya.varma.ns0036@naivesolutions.example
NS-0037,Riya Kapoor,Riya,1997-07-11,female,Indian,2020-10-02,2020-10-02,part_time,active,Software Engineer,G4,2021-03-31,30,Engineering,Technology,CC-101,Bengaluru,NS-0031,riya.kapoor.ns0037@naivesolutions.example
NS-0038,Vikram Singh,Vikram,1997-12-31,male,Indian,2020-11-08,2020-11-08,contractor,on_leave,Senior Analyst,G5,2021-05-07,60,Sales,Commercial,CC-102,Chennai,NS-0031,vikram.singh.ns0038@naivesolutions.example
NS-0039,Harsh Gupta,Harsh,1998-06-22,non_binary,Indian,2020-12-15,2020-12-15,intern,notice_period,HR Specialist,G6,2021-06-13,90,Finance,Corporate Services,CC-103,Hyderabad,NS-0031,harsh.gupta.ns0039@naivesolutions.example
NS-0040,Aadhya Sen,Aadhya,1998-12-12,undisclosed,Indian,2021-01-21,2021-01-21,temporary,active,Account Executive,G7,2021-07-20,30,People Operations,People,CC-104,Pune,NS-0031,aadhya.sen.ns0040@naivesolutions.example
NS-0041,Avni Bansal,Avni,1999-06-03,female,Indian,2021-02-27,2021-02-27,full_time,on_leave,Finance Analyst,G4,2021-08-26,60,Engineering,Technology,CC-105,Bengaluru,NS-0031,shared.low.200@naivesolutions.example
NS-0042,Nila Patel,Nila,1999-11-23,male,Indian,2021-04-05,2021-04-05,part_time,notice_period,Product Analyst,G5,2021-10-02,90,Sales,Commercial,CC-106,Chennai,NS-0041,shared.low.200@naivesolutions.example
NS-0043,Saanvi Kulkarni,Saanvi,1980-05-19,non_binary,Indian,2021-05-12,2021-05-12,contractor,active,Software Engineer,G6,2021-11-08,30,Finance,Corporate Services,CC-107,Hyderabad,NS-0041,saanvi.kulkarni.ns0043@naivesolutions.example
NS-0044,Yash Mehta,Yash,1980-11-08,undisclosed,Indian,2021-06-18,2021-06-18,intern,on_leave,Senior Analyst,G7,2021-12-15,60,People Operations,People,CC-108,Pune,NS-0041,yash.mehta.ns0044@naivesolutions.example
NS-0045,Kiran Verma,Kiran,1981-04-30,female,Indian,2021-07-25,2021-07-25,temporary,notice_period,HR Specialist,G4,2022-01-21,90,Engineering,Technology,CC-109,Bengaluru,NS-0041,kiran.verma.ns0045@naivesolutions.example
NS-0046,Aditi Jain,Aditi,1981-10-20,male,Indian,2021-08-31,2021-08-31,full_time,active,Account Executive,G5,2022-02-27,30,Sales,Commercial,CC-110,Chennai,NS-0041,aditi.jain.ns0046@naivesolutions.example
NS-0047,Harini Sharma,Harini,1982-04-11,non_binary,Indian,2021-10-07,2021-10-07,part_time,on_leave,Finance Analyst,G6,2022-04-05,60,Finance,Corporate Services,CC-111,Hyderabad,NS-0041,harini.sharma.ns0047@naivesolutions.example
NS-0048,Pooja Desai,Pooja,1982-10-01,undisclosed,Indian,2021-11-13,2021-11-13,contractor,notice_period,Product Analyst,G7,2022-05-12,90,People Operations,People,CC-100,Pune,NS-0041,pooja.desai.ns0048@naivesolutions.example
NS-0049,Shreya Reddy,Shreya,1983-03-23,female,Indian,2021-12-20,2021-12-20,intern,active,Software Engineer,G4,2022-06-18,30,Engineering,Technology,CC-101,Bengaluru,NS-0041,shreya.reddy.ns0049@naivesolutions.example
NS-0050,Anika Agarwal,Anika,1983-09-12,male,Indian,2022-01-26,2022-01-26,temporary,terminated,Senior Analyst,G5,2022-07-25,60,Sales,Commercial,CC-102,Chennai,NS-0041,anika.agarwal.ns0050@naivesolutions.example
NS-0051,Madhav Nair,Madhav,1984-03-03,non_binary,Indian,2022-03-04,2022-03-04,full_time,notice_period,HR Specialist,G6,2022-08-31,90,Finance,Corporate Services,CC-103,Hyderabad,NS-0041,madhav.nair.ns0051@naivesolutions.example
NS-0052,Akash Joshi,Akash,1984-08-23,undisclosed,Indian,2022-04-10,2022-04-10,part_time,active,Account Executive,G7,2022-10-07,30,People Operations,People,CC-104,Pune,NS-0051,akash.joshi.ns0052@naivesolutions.example
NS-0053,Karthik Krishnan,Karthik,1985-02-12,female,Indian,2022-05-17,2022-05-17,contractor,on_leave,Finance Analyst,G4,2022-11-13,60,Engineering,Technology,CC-105,Bengaluru,NS-0051,karthik.krishnan.ns0053@naivesolutions.example
NS-0054,Rahul Subramanian,Rahul,1985-08-04,male,Indian,2022-06-23,2022-06-23,intern,notice_period,Product Analyst,G5,2022-12-20,90,Sales,Commercial,CC-106,Chennai,NS-0051,rahul.subramanian.ns0054@naivesolutions.example
NS-0055,Varun Iyer,Varun,1986-01-24,non_binary,Indian,2022-07-30,2022-07-30,temporary,active,Software Engineer,G6,2023-01-26,30,Finance,Corporate Services,CC-107,Hyderabad,NS-0051,varun.iyer.ns0055@naivesolutions.example
NS-0056,Gauri Shah,Gauri,1986-07-16,undisclosed,Indian,2022-09-05,2022-09-05,full_time,on_leave,Senior Analyst,G7,2023-03-04,60,People Operations,People,CC-108,Pune,NS-0051,gauri.shah.ns0056@naivesolutions.example
NS-0057,Neha Chandra,Neha,1987-01-05,female,Indian,2022-10-12,2022-10-12,part_time,notice_period,HR Specialist,G4,2023-04-10,90,Engineering,Technology,CC-109,Bengaluru,NS-0051,neha.chandra.ns0057@naivesolutions.example
NS-0058,Arjun Rao,Arjun,1987-06-27,male,Indian,2022-11-18,2022-11-18,contractor,active,Account Executive,G5,2023-05-17,30,Sales,Commercial,CC-110,Chennai,NS-0051,arjun.rao.ns0058@naivesolutions.example
NS-0059,Meera Pillai,Meera,1987-12-17,non_binary,Indian,2022-12-25,2022-12-25,intern,on_leave,Finance Analyst,G6,2023-06-23,60,Finance,Corporate Services,CC-111,Hyderabad,NS-0051,meera.pillai.ns0059@naivesolutions.example
NS-0060,Rohan Menon,Rohan,1988-06-07,undisclosed,Indian,2023-01-31,2023-01-31,temporary,notice_period,Product Analyst,G7,2023-07-30,90,People Operations,People,CC-100,Pune,NS-0051,rohan.menon.ns0060@naivesolutions.example
NS-0061,Vishal Varma,Vishal,1988-11-27,female,Indian,2023-03-09,2023-03-09,full_time,active,Software Engineer,G4,2023-09-05,30,Engineering,Technology,CC-101,Bengaluru,NS-0051,vishal.varma.ns0061@naivesolutions.example
NS-0062,Janani Kapoor,Janani,1989-05-19,male,Indian,2023-04-15,2023-04-15,part_time,on_leave,Senior Analyst,G5,2023-10-12,60,Sales,Commercial,CC-102,Chennai,NS-0061,janani.kapoor.ns0062@naivesolutions.example
NS-0063,Aarav Singh,Aarav,1989-11-08,non_binary,Indian,2023-05-22,2023-05-22,contractor,notice_period,HR Specialist,G6,2023-11-18,90,Finance,Corporate Services,CC-103,Hyderabad,NS-0061,aarav.singh.ns0063@naivesolutions.example
NS-0064,Diya Gupta,Diya,1990-04-30,undisclosed,Indian,2023-06-28,2023-06-28,intern,active,Account Executive,G7,2023-12-25,30,People Operations,People,CC-104,Pune,NS-0061,diya.gupta.ns0064@naivesolutions.example
NS-0065,Nikhil Sen,Nikhil,1990-10-20,female,Indian,2023-08-04,2023-08-04,temporary,on_leave,Finance Analyst,G4,2024-01-31,60,Engineering,Technology,CC-105,Bengaluru,NS-0061,nikhil.sen.ns0065@naivesolutions.example
NS-0066,Sanjay Bansal,Sanjay,1991-04-11,male,Indian,2023-09-10,2023-09-10,full_time,notice_period,Product Analyst,G5,2024-03-08,90,Sales,Commercial,CC-106,Chennai,NS-0061,sanjay.bansal.ns0066@naivesolutions.example
NS-0067,Zoya Patel,Zoya,1991-10-01,non_binary,Indian,2023-10-17,2023-10-17,part_time,active,Software Engineer,G6,2024-04-14,30,Finance,Corporate Services,CC-107,Hyderabad,NS-0061,zoya.patel.ns0067@naivesolutions.example
NS-0068,Lakshmi Kulkarni,Lakshmi,1992-03-22,undisclosed,Indian,2023-11-23,2023-11-23,contractor,on_leave,Senior Analyst,G7,2024-05-21,60,People Operations,People,CC-108,Pune,NS-0061,lakshmi.kulkarni.ns0068@naivesolutions.example
NS-0069,Aditya Mehta,Aditya,1992-09-11,female,Indian,2023-12-30,2023-12-30,intern,notice_period,HR Specialist,G4,2024-06-27,90,Engineering,Technology,CC-109,Bengaluru,NS-0061,aditya.mehta.ns0069@naivesolutions.example
NS-0070,Ishaan Verma,Ishaan,1993-03-03,male,Indian,2024-02-05,2024-02-05,temporary,active,Account Executive,G5,2024-08-03,30,Sales,Commercial,CC-110,Chennai,NS-0061,ishaan.verma.ns0070@naivesolutions.example
NS-0071,Pranav Jain,Pranav,1993-08-23,non_binary,Indian,2024-03-13,2024-03-13,full_time,on_leave,Finance Analyst,G6,2024-09-09,60,Finance,Corporate Services,CC-111,Hyderabad,NS-0061,pranav.jain.ns0071@naivesolutions.example
NS-0072,Tara Sharma,Tara,1994-02-12,undisclosed,Indian,2024-04-19,2024-04-19,part_time,notice_period,Product Analyst,G7,2024-10-16,90,People Operations,People,CC-100,Pune,NS-0071,tara.sharma.ns0072@naivesolutions.example
NS-0073,Dev Desai,Dev,1994-08-04,female,Indian,2024-05-26,2024-05-26,contractor,active,Software Engineer,G4,2024-11-22,30,Engineering,Technology,CC-101,Bengaluru,NS-0071,dev.desai.ns0073@naivesolutions.example
NS-0074,Naveen Reddy,Naveen,1995-01-24,male,Indian,2024-07-02,2024-07-02,intern,on_leave,Senior Analyst,G5,2024-12-29,60,Sales,Commercial,CC-102,Chennai,NS-0071,naveen.reddy.ns0074@naivesolutions.example
NS-0075,Ananya Agarwal,Ananya,1995-07-16,non_binary,Indian,2024-08-08,2024-08-08,temporary,notice_period,HR Specialist,G6,2025-02-04,90,Finance,Corporate Services,CC-103,Hyderabad,NS-0071,ananya.agarwal.ns0075@naivesolutions.example
NS-0076,Kavya Nair,Kavya,1996-01-05,undisclosed,Indian,2024-09-14,2024-09-14,full_time,active,Account Executive,G7,2025-03-13,30,People Operations,People,CC-104,Pune,NS-0071,kavya.nair.ns0076@naivesolutions.example
NS-0077,Riya Joshi,Riya,1996-06-26,female,Indian,2024-10-21,2024-10-21,part_time,on_leave,Finance Analyst,G4,2025-04-19,60,Engineering,Technology,CC-105,Bengaluru,NS-0071,riya.joshi.ns0077@naivesolutions.example
NS-0078,Vikram Krishnan,Vikram,1996-12-16,male,Indian,2024-11-27,2024-11-27,contractor,notice_period,Product Analyst,G5,2025-05-26,90,Sales,Commercial,CC-106,Chennai,NS-0071,vikram.krishnan.ns0078@naivesolutions.example
NS-0079,Harsh Subramanian,Harsh,1997-06-07,non_binary,Indian,2025-01-03,2025-01-03,intern,active,Software Engineer,G6,2025-07-02,30,Finance,Corporate Services,CC-107,Hyderabad,NS-0071,harsh.subramanian.ns0079@naivesolutions.example
NS-0080,Aadhya Iyer,Aadhya,1997-11-27,undisclosed,Indian,2025-02-09,2025-02-09,temporary,on_leave,Senior Analyst,G7,2025-08-08,60,People Operations,People,CC-108,Pune,NS-0071,aadhya.iyer.ns0080@naivesolutions.example
NS-0081,Avni Shah,Avni,1998-05-19,female,Indian,2025-03-18,2025-03-18,full_time,notice_period,HR Specialist,G4,2025-09-14,90,Engineering,Technology,CC-109,Bengaluru,NS-0071,avni.shah.ns0081@naivesolutions.example
NS-0082,Nila Chandra,Nila,1998-11-08,male,Indian,2017-02-05,2017-02-05,part_time,active,Account Executive,G5,2017-08-04,30,Sales,Commercial,CC-110,Chennai,NS-0081,nila.chandra.ns0082@naivesolutions.example
NS-0083,Saanvi Rao,Saanvi,1999-04-30,non_binary,Indian,2017-03-14,2017-03-14,contractor,on_leave,Finance Analyst,G6,2017-09-10,60,Finance,Corporate Services,CC-111,Hyderabad,NS-0081,saanvi.rao.ns0083@naivesolutions.example
NS-0084,Yash Pillai,Yash,1999-10-20,undisclosed,Indian,2017-04-20,2017-04-20,intern,notice_period,Product Analyst,G7,2017-10-17,90,People Operations,People,CC-100,Pune,NS-0081,yash.pillai.ns0084@naivesolutions.example
NS-0085,Kiran Menon,Kiran,1980-04-15,female,Indian,2017-05-27,2017-05-27,temporary,active,Software Engineer,G4,2017-11-23,30,Engineering,Technology,CC-101,Bengaluru,NS-0081,kiran.menon.ns0085@naivesolutions.example
NS-0086,Aditi Varma,Aditi,1980-10-05,male,Indian,2017-07-03,2017-07-03,full_time,on_leave,Senior Analyst,G5,2017-12-30,60,Sales,Commercial,CC-102,Chennai,NS-0081,aditi.varma.ns0086@naivesolutions.example
NS-0087,Harini Kapoor,Harini,1981-03-27,non_binary,Indian,2017-08-09,2017-08-09,part_time,notice_period,HR Specialist,G6,2018-02-05,90,Finance,Corporate Services,CC-103,Hyderabad,NS-0081,harini.kapoor.ns0087@naivesolutions.example
NS-0088,Pooja Singh,Pooja,1981-09-16,undisclosed,Indian,2017-09-15,2017-09-15,contractor,active,Account Executive,G7,2018-03-14,30,People Operations,People,CC-104,Pune,NS-0081,pooja.singh.ns0088@naivesolutions.example
NS-0089,Shreya Gupta,Shreya,1982-03-08,female,Indian,2017-10-22,2017-10-22,intern,on_leave,Finance Analyst,G4,2018-04-20,60,Engineering,Technology,CC-105,Bengaluru,NS-0081,shreya.gupta.ns0089@naivesolutions.example
NS-0090,Anika Sen,Anika,1982-08-28,male,Indian,2017-11-28,2017-11-28,temporary,notice_period,Product Analyst,G5,2018-05-27,90,Sales,Commercial,CC-106,Chennai,NS-0081,anika.sen.ns0090@naivesolutions.example
NS-0091,Madhav Bansal,Madhav,1983-02-17,non_binary,Indian,2018-01-04,2018-01-04,full_time,active,Software Engineer,G6,2018-07-03,30,Finance,Corporate Services,CC-107,Hyderabad,NS-0081,madhav.bansal.ns0091@naivesolutions.example
NS-0092,Akash Patel,Akash,1983-08-09,undisclosed,Indian,2018-02-10,2018-02-10,part_time,on_leave,Senior Analyst,G7,2018-08-09,60,People Operations,People,CC-108,Pune,NS-0091,akash.patel.ns0092@naivesolutions.example
NS-0093,Karthik Kulkarni,Karthik,1984-01-29,female,Indian,2018-03-19,2018-03-19,contractor,notice_period,HR Specialist,G4,2018-09-15,90,Engineering,Technology,CC-109,Bengaluru,NS-0091,karthik.kulkarni.ns0093@naivesolutions.example
NS-0094,Rahul Mehta,Rahul,1984-07-20,male,Indian,2018-04-25,2018-04-25,intern,active,Account Executive,G5,2018-10-22,30,Sales,Commercial,CC-110,Chennai,NS-0091,rahul.mehta.ns0094@naivesolutions.example
NS-0095,Varun Verma,Varun,1985-01-09,non_binary,Indian,2018-06-01,2018-06-01,temporary,on_leave,Finance Analyst,G6,2018-11-28,60,Finance,Corporate Services,CC-111,Hyderabad,NS-0091,varun.verma.ns0095@naivesolutions.example
NS-0096,Gauri Jain,Gauri,1985-07-01,undisclosed,Indian,2018-07-08,2018-07-08,full_time,notice_period,Product Analyst,G7,2019-01-04,90,People Operations,People,CC-100,Pune,NS-0091,gauri.jain.ns0096@naivesolutions.example
NS-0097,Neha Sharma,Neha,1985-12-21,female,Indian,2018-08-14,2018-08-14,part_time,active,Software Engineer,G4,2019-02-10,30,Engineering,Technology,CC-101,Bengaluru,NS-0091,neha.sharma.ns0097@naivesolutions.example
NS-0098,Arjun Desai,Arjun,1986-06-12,male,Indian,2018-09-20,2018-09-20,contractor,on_leave,Senior Analyst,G5,2019-03-19,60,Sales,Commercial,CC-102,Chennai,NS-0091,arjun.desai.ns0098@naivesolutions.example
NS-0099,Meera Reddy,Meera,1986-12-02,non_binary,Indian,2018-10-27,2018-10-27,intern,notice_period,HR Specialist,G6,2019-04-25,90,Finance,Corporate Services,CC-103,Hyderabad,NS-0091,meera.reddy.ns0099@naivesolutions.example
NS-0100,Rohan Agarwal,Rohan,1987-05-24,undisclosed,Indian,2018-12-03,2018-12-03,temporary,terminated,Account Executive,G7,2019-06-01,30,People Operations,People,CC-104,Pune,NS-0091,rohan.agarwal.ns0100@naivesolutions.example
NS-0101,Vishal Nair,Vishal,1987-11-13,female,Indian,2019-01-09,2019-01-09,full_time,on_leave,Finance Analyst,G4,2019-07-08,60,Engineering,Technology,CC-105,Bengaluru,NS-0091,vishal.nair.ns0101@naivesolutions.example
NS-0102,Janani Joshi,Janani,1988-05-04,male,Indian,2019-02-15,2019-02-15,part_time,notice_period,Product Analyst,G5,2019-08-14,90,Sales,Commercial,CC-106,Chennai,NS-0101,janani.joshi.ns0102@naivesolutions.example
NS-0103,Aarav Krishnan,Aarav,1988-10-24,non_binary,Indian,2019-03-24,2019-03-24,contractor,active,Software Engineer,G6,2019-09-20,30,Finance,Corporate Services,CC-107,Hyderabad,NS-0101,aarav.krishnan.ns0103@naivesolutions.example
NS-0104,Diya Subramanian,Diya,1989-04-15,undisclosed,Indian,2019-04-30,2019-04-30,intern,on_leave,Senior Analyst,G7,2019-10-27,60,People Operations,People,CC-108,Pune,NS-0101,diya.subramanian.ns0104@naivesolutions.example
NS-0105,Nikhil Iyer,Nikhil,1989-10-05,female,Indian,2019-06-06,2019-06-06,temporary,notice_period,HR Specialist,G4,2019-12-03,90,Engineering,Technology,CC-109,Bengaluru,NS-0101,nikhil.iyer.ns0105@naivesolutions.example
NS-0106,Sanjay Shah,Sanjay,1990-03-27,male,Indian,2019-07-13,2019-07-13,full_time,active,Account Executive,G5,2020-01-09,30,Sales,Commercial,CC-110,Chennai,NS-0101,sanjay.shah.ns0106@naivesolutions.example
NS-0107,Zoya Chandra,Zoya,1990-09-16,non_binary,Indian,2019-08-19,2019-08-19,part_time,on_leave,Finance Analyst,G6,2020-02-15,60,Finance,Corporate Services,CC-111,Hyderabad,NS-0101,zoya.chandra.ns0107@naivesolutions.example
NS-0108,Lakshmi Rao,Lakshmi,1991-03-08,undisclosed,Indian,2019-09-25,2019-09-25,contractor,notice_period,Product Analyst,G7,2020-03-23,90,People Operations,People,CC-100,Pune,NS-0101,lakshmi.rao.ns0108@naivesolutions.example
NS-0109,Aditya Pillai,Aditya,1991-08-28,female,Indian,2019-11-01,2019-11-01,intern,active,Software Engineer,G4,2020-04-29,30,Engineering,Technology,CC-101,Bengaluru,NS-0101,aditya.pillai.ns0109@naivesolutions.example
NS-0110,Ishaan Menon,Ishaan,1992-02-17,male,Indian,2019-12-08,2019-12-08,temporary,on_leave,Senior Analyst,G5,2020-06-05,60,Sales,Commercial,CC-102,Chennai,NS-0101,ishaan.menon.ns0110@naivesolutions.example
NS-0111,Pranav Varma,Pranav,1992-08-08,non_binary,Indian,2020-01-14,2020-01-14,full_time,notice_period,HR Specialist,G6,2020-07-12,90,Finance,Corporate Services,CC-103,Hyderabad,NS-0101,pranav.varma.ns0111@naivesolutions.example
NS-0112,Tara Kapoor,Tara,1993-01-28,undisclosed,Indian,2020-02-20,2020-02-20,part_time,active,Account Executive,G7,2020-08-18,30,People Operations,People,CC-104,Pune,NS-0111,tara.kapoor.ns0112@naivesolutions.example
NS-0113,Dev Singh,Dev,1993-07-20,female,Indian,2020-03-28,2020-03-28,contractor,on_leave,Finance Analyst,G4,2020-09-24,60,Engineering,Technology,CC-105,Bengaluru,NS-0111,dev.singh.ns0113@naivesolutions.example
NS-0114,Naveen Gupta,Naveen,1994-01-09,male,Indian,2020-05-04,2020-05-04,intern,notice_period,Product Analyst,G5,2020-10-31,90,Sales,Commercial,CC-106,Chennai,NS-0111,naveen.gupta.ns0114@naivesolutions.example
NS-0115,Ananya Sen,Ananya,1994-07-01,non_binary,Indian,2020-06-10,2020-06-10,temporary,active,Software Engineer,G6,2020-12-07,30,Finance,Corporate Services,CC-107,Hyderabad,NS-0111,ananya.sen.ns0115@naivesolutions.example
NS-0116,Kavya Bansal,Kavya,1994-12-21,undisclosed,Indian,2020-07-17,2020-07-17,full_time,on_leave,Senior Analyst,G7,2021-01-13,60,People Operations,People,CC-108,Pune,NS-0111,kavya.bansal.ns0116@naivesolutions.example
NS-0117,Riya Patel,Riya,1995-06-12,female,Indian,2020-08-23,2020-08-23,part_time,notice_period,HR Specialist,G4,2021-02-19,90,Engineering,Technology,CC-109,Bengaluru,NS-0111,riya.patel.ns0117@naivesolutions.example
NS-0118,Vikram Kulkarni,Vikram,1995-12-02,male,Indian,2020-09-29,2020-09-29,contractor,active,Account Executive,G5,2021-03-28,30,Sales,Commercial,CC-110,Chennai,NS-0111,vikram.kulkarni.ns0118@naivesolutions.example
NS-0119,Harsh Mehta,Harsh,1996-05-23,non_binary,Indian,2020-11-05,2020-11-05,intern,on_leave,Finance Analyst,G6,2021-05-04,60,Finance,Corporate Services,CC-111,Hyderabad,NS-0111,harsh.mehta.ns0119@naivesolutions.example
NS-0120,Aadhya Verma,Aadhya,1996-11-12,undisclosed,Indian,2020-12-12,2020-12-12,temporary,notice_period,Product Analyst,G7,2021-06-10,90,People Operations,People,CC-100,Pune,NS-0111,aadhya.verma.ns0120@naivesolutions.example
NS-0121,Avni Jain,Avni,1997-05-04,female,Indian,2021-01-18,2021-01-18,full_time,active,Software Engineer,G4,2021-07-17,30,Engineering,Technology,CC-101,Bengaluru,NS-0111,avni.jain.ns0121@naivesolutions.example
NS-0122,Nila Sharma,Nila,1997-10-24,male,Indian,2021-02-24,2021-02-24,part_time,on_leave,Senior Analyst,G5,2021-08-23,60,Sales,Commercial,CC-102,Chennai,NS-0121,nila.sharma.ns0122@naivesolutions.example
NS-0123,Saanvi Desai,Saanvi,1998-04-15,non_binary,Indian,2021-04-02,2021-04-02,contractor,notice_period,HR Specialist,G6,2021-09-29,90,Finance,Corporate Services,CC-103,Hyderabad,NS-0121,saanvi.desai.ns0123@naivesolutions.example
NS-0124,Yash Reddy,Yash,1998-10-05,undisclosed,Indian,2021-05-09,2021-05-09,intern,active,Account Executive,G7,2021-11-05,30,People Operations,People,CC-104,Pune,NS-0121,yash.reddy.ns0124@naivesolutions.example
NS-0125,Kiran Agarwal,Kiran,1999-03-27,female,Indian,2021-06-15,2021-06-15,temporary,on_leave,Finance Analyst,G4,2021-12-12,60,Engineering,Technology,CC-105,Bengaluru,NS-0121,kiran.agarwal.ns0125@naivesolutions.example
NS-0126,Aditi Nair,Aditi,1999-09-16,male,Indian,2021-07-22,2021-07-22,full_time,notice_period,Product Analyst,G5,2022-01-18,90,Sales,Commercial,CC-106,Chennai,NS-0121,aditi.nair.ns0126@naivesolutions.example
NS-0127,Harini Joshi,Harini,1980-03-12,non_binary,Indian,2021-08-28,2021-08-28,part_time,active,Software Engineer,G6,2022-02-24,30,Finance,Corporate Services,CC-107,Hyderabad,NS-0121,harini.joshi.ns0127@naivesolutions.example
NS-0128,Pooja Krishnan,Pooja,1980-09-01,undisclosed,Indian,2021-10-04,2021-10-04,contractor,on_leave,Senior Analyst,G7,2022-04-02,60,People Operations,People,CC-108,Pune,NS-0121,pooja.krishnan.ns0128@naivesolutions.example
NS-0129,Shreya Subramanian,Shreya,1981-02-21,female,Indian,2021-11-10,2021-11-10,intern,notice_period,HR Specialist,G4,2022-05-09,90,Engineering,Technology,CC-109,Bengaluru,NS-0121,shreya.subramanian.ns0129@naivesolutions.example
NS-0130,Anika Iyer,Anika,1981-08-13,male,Indian,2021-12-17,2021-12-17,temporary,active,Account Executive,G5,2022-06-15,30,Sales,Commercial,CC-110,Chennai,NS-0121,anika.iyer.ns0130@naivesolutions.example
NS-0131,Madhav Shah,Madhav,1982-02-02,non_binary,Indian,2022-01-23,2022-01-23,full_time,on_leave,Finance Analyst,G6,2022-07-22,60,Finance,Corporate Services,CC-111,Hyderabad,NS-0121,madhav.shah.ns0131@naivesolutions.example
NS-0132,Akash Chandra,Akash,1982-07-25,undisclosed,Indian,2022-03-01,2022-03-01,part_time,notice_period,Product Analyst,G7,2022-08-28,90,People Operations,People,CC-100,Pune,NS-0131,akash.chandra.ns0132@naivesolutions.example
NS-0133,Karthik Rao,Karthik,1983-01-14,female,Indian,2022-04-07,2022-04-07,contractor,active,Software Engineer,G4,2022-10-04,30,Engineering,Technology,CC-101,Bengaluru,NS-0131,karthik.rao.ns0133@naivesolutions.example
NS-0134,Rahul Pillai,Rahul,1983-07-06,male,Indian,2022-05-14,2022-05-14,intern,on_leave,Senior Analyst,G5,2022-11-10,60,Sales,Commercial,CC-102,Chennai,NS-0131,rahul.pillai.ns0134@naivesolutions.example
NS-0135,Varun Menon,Varun,1983-12-26,non_binary,Indian,2022-06-20,2022-06-20,temporary,notice_period,HR Specialist,G6,2022-12-17,90,Finance,Corporate Services,CC-103,Hyderabad,NS-0131,varun.menon.ns0135@naivesolutions.example
NS-0136,Gauri Varma,Gauri,1984-06-16,undisclosed,Indian,2022-07-27,2022-07-27,full_time,active,Account Executive,G7,2023-01-23,30,People Operations,People,CC-104,Pune,NS-0131,gauri.varma.ns0136@naivesolutions.example
NS-0137,Neha Kapoor,Neha,1984-12-06,female,Indian,2022-09-02,2022-09-02,part_time,on_leave,Finance Analyst,G4,2023-03-01,60,Engineering,Technology,CC-105,Bengaluru,NS-0131,neha.kapoor.ns0137@naivesolutions.example
NS-0138,Arjun Singh,Arjun,1985-05-28,male,Indian,2022-10-09,2022-10-09,contractor,notice_period,Product Analyst,G5,2023-04-07,90,Sales,Commercial,CC-106,Chennai,NS-0131,arjun.singh.ns0138@naivesolutions.example
NS-0139,Meera Gupta,Meera,1985-11-17,non_binary,Indian,2022-11-15,2022-11-15,intern,active,Software Engineer,G6,2023-05-14,30,Finance,Corporate Services,CC-107,Hyderabad,NS-0131,meera.gupta.ns0139@naivesolutions.example
NS-0140,Rohan Sen,Rohan,1986-05-09,undisclosed,Indian,2022-12-22,2022-12-22,temporary,on_leave,Senior Analyst,G7,2023-06-20,60,People Operations,People,CC-108,Pune,NS-0131,rohan.sen.ns0140@naivesolutions.example
NS-0141,Vishal Bansal,Vishal,1986-10-29,female,Indian,2023-01-28,2023-01-28,full_time,notice_period,HR Specialist,G4,2023-07-27,90,Engineering,Technology,CC-109,Bengaluru,NS-0131,vishal.bansal.ns0141@naivesolutions.example
NS-0142,Janani Patel,Janani,1987-04-20,male,Indian,2023-03-06,2023-03-06,part_time,active,Account Executive,G5,2023-09-02,30,Sales,Commercial,CC-110,Chennai,NS-0141,janani.patel.ns0142@naivesolutions.example
NS-0143,Aarav Kulkarni,Aarav,1987-10-10,non_binary,Indian,2023-04-12,2023-04-12,contractor,on_leave,Finance Analyst,G6,2023-10-09,60,Finance,Corporate Services,CC-111,Hyderabad,NS-0141,aarav.kulkarni.ns0143@naivesolutions.example
NS-0144,Diya Mehta,Diya,1988-03-31,undisclosed,Indian,2023-05-19,2023-05-19,intern,notice_period,Product Analyst,G7,2023-11-15,90,People Operations,People,CC-100,Pune,NS-0141,diya.mehta.ns0144@naivesolutions.example
NS-0145,Nikhil Verma,Nikhil,1988-09-20,female,Indian,2023-06-25,2023-06-25,temporary,active,Software Engineer,G4,2023-12-22,30,Engineering,Technology,CC-101,Bengaluru,NS-0141,nikhil.verma.ns0145@naivesolutions.example
NS-0146,Sanjay Jain,Sanjay,1989-03-12,male,Indian,2023-08-01,2023-08-01,full_time,on_leave,Senior Analyst,G5,2024-01-28,60,Sales,Commercial,CC-102,Chennai,NS-0141,sanjay.jain.ns0146@naivesolutions.example
NS-0147,Zoya Sharma,Zoya,1989-09-01,non_binary,Indian,2023-09-07,2023-09-07,part_time,notice_period,HR Specialist,G6,2024-03-05,90,Finance,Corporate Services,CC-103,Hyderabad,NS-0141,zoya.sharma.ns0147@naivesolutions.example
NS-0148,Lakshmi Desai,Lakshmi,1990-02-21,undisclosed,Indian,2023-10-14,2023-10-14,contractor,active,Account Executive,G7,2024-04-11,30,People Operations,People,CC-104,Pune,NS-0141,lakshmi.desai.ns0148@naivesolutions.example
NS-0149,Aditya Reddy,Aditya,1990-08-13,female,Indian,2023-11-20,2023-11-20,intern,on_leave,Finance Analyst,G4,2024-05-18,60,Engineering,Technology,CC-105,Bengaluru,NS-0141,aditya.reddy.ns0149@naivesolutions.example
NS-0150,Ishaan Agarwal,Ishaan,1991-02-02,male,Indian,2023-12-27,2023-12-27,temporary,terminated,Product Analyst,G5,2024-06-24,90,Sales,Commercial,CC-106,Chennai,NS-0141,ishaan.agarwal.ns0150@naivesolutions.example
NS-0151,Pranav Nair,Pranav,1991-07-25,non_binary,Indian,2024-02-02,2024-02-02,full_time,active,Software Engineer,G6,2024-07-31,30,Finance,Corporate Services,CC-107,Hyderabad,NS-0141,pranav.nair.ns0151@naivesolutions.example
NS-0152,Tara Joshi,Tara,1992-01-14,undisclosed,Indian,2024-03-10,2024-03-10,part_time,on_leave,Senior Analyst,G7,2024-09-06,60,People Operations,People,CC-108,Pune,NS-0151,tara.joshi.ns0152@naivesolutions.example
NS-0153,Dev Krishnan,Dev,1992-07-05,female,Indian,2024-04-16,2024-04-16,contractor,notice_period,HR Specialist,G4,2024-10-13,90,Engineering,Technology,CC-109,Bengaluru,NS-0151,dev.krishnan.ns0153@naivesolutions.example
NS-0154,Naveen Subramanian,Naveen,1992-12-25,male,Indian,2024-05-23,2024-05-23,intern,active,Account Executive,G5,2024-11-19,30,Sales,Commercial,CC-110,Chennai,NS-0151,naveen.subramanian.ns0154@naivesolutions.example
NS-0155,Ananya Iyer,Ananya,1993-06-16,non_binary,Indian,2024-06-29,2024-06-29,temporary,on_leave,Finance Analyst,G6,2024-12-26,60,Finance,Corporate Services,CC-111,Hyderabad,NS-9999,ananya.iyer.ns0155@naivesolutions.example
NS-0156,Kavya Shah,Kavya,1993-12-06,undisclosed,Indian,2024-08-05,2024-08-05,full_time,notice_period,Product Analyst,G7,2025-02-01,90,People Operations,People,CC-100,Pune,NS-0151,kavya.shah.ns0156@naivesolutions.example
NS-0157,Riya Chandra,Riya,1994-05-28,female,Indian,2024-09-11,2024-09-11,part_time,active,Software Engineer,G4,2025-03-10,30,Engineering,Technology,CC-101,Bengaluru,NS-0151,riya.chandra.ns0157@naivesolutions.example
NS-0158,Vikram Rao,Vikram,1994-11-17,male,Indian,2024-10-18,2024-10-18,contractor,on_leave,Senior Analyst,G5,2025-04-16,60,Sales,Commercial,CC-102,Chennai,NS-0151,vikram.rao.ns0158@naivesolutions.example
NS-0159,Harsh Pillai,Harsh,1995-05-09,non_binary,Indian,2024-11-24,2024-11-24,intern,notice_period,HR Specialist,G6,2025-05-23,90,Finance,Corporate Services,CC-103,Hyderabad,NS-0151,harsh.pillai.ns0159@naivesolutions.example
NS-0160,Aadhya Menon,Aadhya,1995-10-29,undisclosed,Indian,2024-12-31,2024-12-31,temporary,active,Account Executive,G7,2025-06-29,30,People Operations,People,CC-104,Pune,NS-0151,aadhya.menon.ns0160@naivesolutions.example
NS-0161,Avni Varma,Avni,1996-04-19,female,Indian,2025-02-06,2025-02-06,full_time,on_leave,Finance Analyst,G4,2025-08-05,60,Engineering,Technology,CC-105,Bengaluru,NS-0151,avni.varma.ns0161@naivesolutions.example
NS-0162,Nila Kapoor,Nila,1996-10-09,male,Indian,2025-03-15,2025-03-15,part_time,notice_period,Product Analyst,G5,2025-09-11,90,Sales,Commercial,CC-106,Chennai,NS-0161,nila.kapoor.ns0162@naivesolutions.example
NS-0163,Saanvi Singh,Saanvi,1997-03-31,non_binary,Indian,2017-02-02,2017-02-02,contractor,active,Software Engineer,G6,2017-08-01,30,Finance,Corporate Services,CC-107,Hyderabad,NS-0161,saanvi.singh.ns0163@naivesolutions.example
NS-0164,Yash Gupta,Yash,1997-09-20,undisclosed,Indian,2017-03-11,2017-03-11,intern,on_leave,Senior Analyst,G7,2017-09-07,60,People Operations,People,CC-108,Pune,NS-0161,yash.gupta.ns0164@naivesolutions.example
NS-0165,Kiran Sen,Kiran,1998-03-12,female,Indian,2017-04-17,2017-04-17,temporary,notice_period,HR Specialist,G4,2017-10-14,90,Engineering,Technology,CC-109,Bengaluru,NS-0161,kiran.sen.ns0165@naivesolutions.example
NS-0166,Aditi Bansal,Aditi,1998-09-01,male,Indian,2017-05-24,2017-05-24,full_time,active,Account Executive,G5,2017-11-20,30,Sales,Commercial,CC-110,Chennai,NS-0161,aditi.bansal.ns0166@naivesolutions.example
NS-0167,Harini Patel,Harini,1999-02-21,non_binary,Indian,2017-06-30,2017-06-30,part_time,on_leave,Finance Analyst,G6,2017-12-27,60,Finance,Corporate Services,CC-111,Hyderabad,NS-0161,harini.patel.ns0167@naivesolutions.example
NS-0168,Pooja Kulkarni,Pooja,1999-08-13,undisclosed,Indian,2017-08-06,2017-08-06,contractor,notice_period,Product Analyst,G7,2018-02-02,90,People Operations,People,CC-100,Pune,NS-0161,pooja.kulkarni.ns0168@naivesolutions.example
NS-0169,Shreya Mehta,Shreya,1980-02-07,female,Indian,2017-09-12,2017-09-12,intern,active,Software Engineer,G4,2018-03-11,30,Engineering,Technology,CC-101,Bengaluru,NS-0161,shreya.mehta.ns0169@naivesolutions.example
NS-0170,Anika Verma,Anika,1980-07-29,male,Indian,2017-10-19,2017-10-19,temporary,on_leave,Senior Analyst,G5,2018-04-17,60,Sales,Commercial,CC-102,Chennai,NS-0161,anika.verma.ns0170@naivesolutions.example
NS-0171,Madhav Jain,Madhav,1981-01-18,non_binary,Indian,2017-11-25,2017-11-25,full_time,notice_period,HR Specialist,G6,2018-05-24,90,Finance,Corporate Services,CC-103,Hyderabad,NS-0161,madhav.jain.ns0171@naivesolutions.example
NS-0172,Akash Sharma,Akash,1981-07-10,undisclosed,Indian,2018-01-01,2018-01-01,part_time,active,Account Executive,G7,2018-06-30,30,People Operations,People,CC-104,Pune,NS-0171,akash.sharma.ns0172@naivesolutions.example
NS-0173,Karthik Desai,Karthik,1981-12-30,female,Indian,2018-02-07,2018-02-07,contractor,on_leave,Finance Analyst,G4,2018-08-06,60,Engineering,Technology,CC-105,Bengaluru,NS-0171,karthik.desai.ns0173@naivesolutions.example
NS-0174,Rahul Reddy,Rahul,1982-06-21,male,Indian,2018-03-16,2018-03-16,intern,notice_period,Product Analyst,G5,2018-09-12,90,Sales,Commercial,CC-106,Chennai,NS-0171,rahul.reddy.ns0174@naivesolutions.example
NS-0175,Varun Agarwal,Varun,1982-12-11,non_binary,Indian,2018-04-22,2018-04-22,temporary,active,Software Engineer,G6,2018-10-19,30,Finance,Corporate Services,CC-107,Hyderabad,NS-0171,varun.agarwal.ns0175@naivesolutions.example
NS-0176,Gauri Nair,Gauri,1983-06-02,undisclosed,Indian,2018-05-29,2018-05-29,full_time,on_leave,Senior Analyst,G7,2018-11-25,60,People Operations,People,CC-108,Pune,NS-0171,gauri.nair.ns0176@naivesolutions.example
NS-0177,Neha Joshi,Neha,1983-11-22,female,Indian,2018-07-05,2018-07-05,part_time,notice_period,HR Specialist,G4,2019-01-01,90,Engineering,Technology,CC-109,Bengaluru,NS-0171,neha.joshi.ns0177@naivesolutions.example
NS-0178,Arjun Krishnan,Arjun,1984-05-13,male,Indian,2018-08-11,2018-08-11,contractor,active,Account Executive,G5,2019-02-07,30,Sales,Commercial,CC-110,Chennai,NS-0171,arjun.krishnan.ns0178@naivesolutions.example
NS-0179,Meera Subramanian,Meera,1984-11-02,non_binary,Indian,2018-09-17,2018-09-17,intern,on_leave,Finance Analyst,G6,2019-03-16,60,Finance,Corporate Services,CC-111,Hyderabad,NS-0171,meera.subramanian.ns0179@naivesolutions.example
NS-0180,Rohan Iyer,Rohan,1985-04-24,undisclosed,Indian,2018-10-24,2018-10-24,temporary,notice_period,Product Analyst,G7,2019-04-22,90,People Operations,People,CC-100,Pune,NS-0171,rohan.iyer.ns0180@naivesolutions.example
NS-0181,Vishal Shah,Vishal,1985-10-14,female,Indian,2018-11-30,2018-11-30,full_time,active,Software Engineer,G4,2019-05-29,30,Engineering,Technology,CC-101,Bengaluru,NS-0171,vishal.shah.ns0181@naivesolutions.example
NS-0182,Janani Chandra,Janani,1986-04-05,male,Indian,2019-01-06,2019-01-06,part_time,on_leave,Senior Analyst,G5,2019-07-05,60,Sales,Commercial,CC-102,Chennai,NS-0181,janani.chandra.ns0182@naivesolutions.example
NS-0183,Aarav Rao,Aarav,1986-09-25,non_binary,Indian,2019-02-12,2019-02-12,contractor,notice_period,HR Specialist,G6,2019-08-11,90,Finance,Corporate Services,CC-103,Hyderabad,NS-0181,aarav.rao.ns0183@naivesolutions.example
NS-0184,Diya Pillai,Diya,1987-03-17,undisclosed,Indian,2019-03-21,2019-03-21,intern,active,Account Executive,G7,2019-09-17,30,People Operations,People,CC-104,Pune,NS-0181,diya.pillai.ns0184@naivesolutions.example
NS-0185,Nikhil Menon,Nikhil,1987-09-06,female,Indian,2019-04-27,2019-04-27,temporary,on_leave,Finance Analyst,G4,2019-10-24,60,Engineering,Technology,CC-105,Bengaluru,NS-0181,nikhil.menon.ns0185@naivesolutions.example
NS-0186,Sanjay Varma,Sanjay,1988-02-26,male,Indian,2019-06-03,2019-06-03,full_time,notice_period,Product Analyst,G5,2019-11-30,90,Sales,Commercial,CC-106,Chennai,NS-0181,sanjay.varma.ns0186@naivesolutions.example
NS-0187,Zoya Kapoor,Zoya,1988-08-17,non_binary,Indian,2019-07-10,2019-07-10,part_time,active,Software Engineer,G6,2020-01-06,30,Finance,Corporate Services,CC-107,Hyderabad,NS-0181,zoya.kapoor.ns0187@naivesolutions.example
NS-0188,Lakshmi Singh,Lakshmi,1989-02-06,undisclosed,Indian,2019-08-16,2019-08-16,contractor,on_leave,Senior Analyst,G7,2020-02-12,60,People Operations,People,CC-108,Pune,NS-0181,lakshmi.singh.ns0188@naivesolutions.example
NS-0189,Aditya Gupta,Aditya,1989-07-29,female,Indian,2019-09-22,2019-09-22,intern,notice_period,HR Specialist,G4,2020-03-20,90,Engineering,Technology,CC-109,Bengaluru,NS-0181,aditya.gupta.ns0189@naivesolutions.example
NS-0190,Ishaan Sen,Ishaan,1990-01-18,male,Indian,2019-10-29,2019-10-29,temporary,active,Account Executive,G5,2020-04-26,30,Sales,Commercial,CC-110,Chennai,NS-0181,ishaan.sen.ns0190@naivesolutions.example
NS-0191,Pranav Bansal,Pranav,1990-07-10,non_binary,Indian,2019-12-05,2019-12-05,full_time,on_leave,Finance Analyst,G6,2020-06-02,60,Finance,Corporate Services,CC-111,Hyderabad,NS-0181,pranav.bansal.ns0191@naivesolutions.example
NS-0192,Tara Patel,Tara,1990-12-30,undisclosed,Indian,2020-01-11,2020-01-11,part_time,notice_period,Product Analyst,G7,2020-07-09,90,People Operations,People,CC-100,Pune,NS-0191,tara.patel.ns0192@naivesolutions.example
NS-0193,Dev Kulkarni,Dev,1991-06-21,female,Indian,2020-02-17,2020-02-17,contractor,active,Software Engineer,G4,2020-08-15,30,Engineering,Technology,CC-101,Bengaluru,NS-0191,dev.kulkarni.ns0193@naivesolutions.example
NS-0194,Naveen Mehta,Naveen,1991-12-11,male,Indian,2020-03-25,2020-03-25,intern,on_leave,Senior Analyst,G5,2020-09-21,60,Sales,Commercial,CC-102,Chennai,NS-0191,naveen.mehta.ns0194@naivesolutions.example
NS-0195,Ananya Verma,Ananya,1992-06-01,non_binary,Indian,2020-05-01,2020-05-01,temporary,notice_period,HR Specialist,G6,2020-10-28,90,Finance,Corporate Services,CC-103,Hyderabad,NS-0191,ananya.verma.ns0195@naivesolutions.example
NS-0196,Kavya Jain,Kavya,1992-11-21,undisclosed,Indian,2020-06-07,2020-06-07,full_time,active,Account Executive,G7,2020-12-04,30,People Operations,People,CC-104,Pune,NS-0191,kavya.jain.ns0196@naivesolutions.example
NS-0197,Riya Sharma,Riya,1993-05-13,female,Indian,2020-07-14,2020-07-14,part_time,on_leave,Finance Analyst,G4,2021-01-10,60,Engineering,Technology,CC-105,Bengaluru,NS-0191,riya.sharma.ns0197@naivesolutions.example
NS-0198,Vikram Desai,Vikram,1993-11-02,male,Indian,2020-08-20,2020-08-20,contractor,notice_period,Product Analyst,G5,2021-02-16,90,Sales,Commercial,CC-106,Chennai,NS-0191,vikram.desai.ns0198@naivesolutions.example
NS-0199,Harsh Reddy,Harsh,1994-04-24,non_binary,Indian,2020-09-26,2020-09-26,intern,active,Software Engineer,G6,2021-03-25,30,Finance,Corporate Services,CC-107,Hyderabad,NS-0191,harsh.reddy.ns0199@naivesolutions.example
NS-0200,Aadhya Agarwal,Aadhya,1994-10-14,undisclosed,Indian,2020-11-02,2020-11-02,temporary,terminated,Senior Analyst,G7,2021-05-01,60,People Operations,People,CC-108,Pune,NS-0191,aadhya.agarwal.ns0200@naivesolutions.example
